{"cameraMode":{"drawMode":0,"name":"Shaded","section":"Shading Mode"},"sceneLighting":true,"audioPlay":false,"sceneViewState":{"m_AlwaysRefresh":false,"showFog":true,"showSkybox":true,"showFlares":true,"showImageEffects":true,"showParticleSystems":true,"showVisualEffectGraphs":true,"m_FxEnabled":true},"in2DMode":false,"pivot":{"x":446.9545593261719,"y":113.91798400878906,"z":-4.7563323974609379},"rotation":{"x":-0.05557958036661148,"y":-0.08498290926218033,"z":0.004746174905449152,"w":-0.9948315620422363},"size":1097.4595947265625,"orthographic":false}