{"cameraMode":{"drawMode":0,"name":"Shaded","section":"Shading Mode"},"sceneLighting":false,"audioPlay":false,"sceneViewState":{"m_AlwaysRefresh":false,"showFog":true,"showSkybox":false,"showFlares":true,"showImageEffects":true,"showParticleSystems":true,"showVisualEffectGraphs":true,"m_FxEnabled":true},"in2DMode":false,"pivot":{"x":13.565320014953614,"y":25.98625946044922,"z":-0.8930206298828125},"rotation":{"x":0.019188139587640764,"y":-0.008715912699699402,"z":-0.00016814976697787642,"w":-0.999784529209137},"size":71.86257934570313,"orthographic":false}